{
	"populations": {
		"actors": {
			"neurons": {
				"0": {
					"pos": [
						-2.3118236472945894,
						-2.3118236472945894,
						2.889779559118237
					],
					"size": 1
				},
				"1": {
					"pos": [
						-1.1559118236472947,
						-2.3118236472945894,
						2.889779559118237
					],
					"size": 1
				},
				"2": {
					"pos": [
						0,
						-2.3118236472945894,
						2.889779559118237
					],
					"size": 1
				},
				"3": {
					"pos": [
						1.1559118236472945,
						-2.3118236472945894,
						2.889779559118237
					],
					"size": 1
				},
				"4": {
					"pos": [
						2.3118236472945894,
						-2.3118236472945894,
						2.889779559118237
					],
					"size": 1
				},
				"5": {
					"pos": [
						-2.3118236472945894,
						-0.7706078824315299,
						2.889779559118237
					],
					"size": 1
				},
				"6": {
					"pos": [
						-1.1559118236472947,
						-0.7706078824315299,
						2.889779559118237
					],
					"size": 1
				},
				"7": {
					"pos": [
						0,
						-0.7706078824315299,
						2.889779559118237
					],
					"size": 1
				},
				"8": {
					"pos": [
						1.1559118236472945,
						-0.7706078824315299,
						2.889779559118237
					],
					"size": 1
				},
				"9": {
					"pos": [
						2.3118236472945894,
						-0.7706078824315299,
						2.889779559118237
					],
					"size": 1
				},
				"10": {
					"pos": [
						-2.3118236472945894,
						0.7706078824315297,
						2.889779559118237
					],
					"size": 1
				},
				"11": {
					"pos": [
						-1.1559118236472947,
						0.7706078824315297,
						2.889779559118237
					],
					"size": 1
				},
				"12": {
					"pos": [
						0,
						0.7706078824315297,
						2.889779559118237
					],
					"size": 1
				},
				"13": {
					"pos": [
						1.1559118236472945,
						0.7706078824315297,
						2.889779559118237
					],
					"size": 1
				},
				"14": {
					"pos": [
						2.3118236472945894,
						0.7706078824315297,
						2.889779559118237
					],
					"size": 1
				},
				"15": {
					"pos": [
						-2.3118236472945894,
						2.3118236472945894,
						2.889779559118237
					],
					"size": 1
				},
				"16": {
					"pos": [
						2.3118236472945894,
						2.3118236472945894,
						2.889779559118237
					],
					"size": 1
				},
				"17": {
					"pos": [
						-2.3118236472945894,
						2.889779559118237,
						-2.3118236472945894
					],
					"size": 1
				},
				"18": {
					"pos": [
						-2.3118236472945894,
						2.889779559118237,
						-1.1559118236472947
					],
					"size": 1
				},
				"19": {
					"pos": [
						-2.3118236472945894,
						2.889779559118237,
						0
					],
					"size": 1
				},
				"20": {
					"pos": [
						-2.3118236472945894,
						2.889779559118237,
						1.1559118236472945
					],
					"size": 1
				},
				"21": {
					"pos": [
						-2.3118236472945894,
						2.889779559118237,
						2.3118236472945894
					],
					"size": 1
				},
				"22": {
					"pos": [
						-0.7706078824315299,
						2.889779559118237,
						-2.3118236472945894
					],
					"size": 1
				},
				"23": {
					"pos": [
						-0.7706078824315299,
						2.889779559118237,
						-1.1559118236472947
					],
					"size": 1
				},
				"24": {
					"pos": [
						-0.7706078824315299,
						2.889779559118237,
						0
					],
					"size": 1
				},
				"25": {
					"pos": [
						-0.7706078824315299,
						2.889779559118237,
						1.1559118236472945
					],
					"size": 1
				},
				"26": {
					"pos": [
						-0.7706078824315299,
						2.889779559118237,
						2.3118236472945894
					],
					"size": 1
				},
				"27": {
					"pos": [
						0.7706078824315297,
						2.889779559118237,
						-2.3118236472945894
					],
					"size": 1
				},
				"28": {
					"pos": [
						0.7706078824315297,
						2.889779559118237,
						-1.1559118236472947
					],
					"size": 1
				},
				"29": {
					"pos": [
						0.7706078824315297,
						2.889779559118237,
						0
					],
					"size": 1
				},
				"30": {
					"pos": [
						0.7706078824315297,
						2.889779559118237,
						1.1559118236472945
					],
					"size": 1
				},
				"31": {
					"pos": [
						0.7706078824315297,
						2.889779559118237,
						2.3118236472945894
					],
					"size": 1
				},
				"32": {
					"pos": [
						2.3118236472945894,
						2.889779559118237,
						-2.3118236472945894
					],
					"size": 1
				},
				"33": {
					"pos": [
						2.3118236472945894,
						2.889779559118237,
						2.3118236472945894
					],
					"size": 1
				},
				"34": {
					"pos": [
						-2.889779559118237,
						-2.3118236472945894,
						-2.3118236472945894
					],
					"size": 1
				},
				"35": {
					"pos": [
						-2.889779559118237,
						-2.3118236472945894,
						-1.1559118236472947
					],
					"size": 1
				},
				"36": {
					"pos": [
						-2.889779559118237,
						-2.3118236472945894,
						0
					],
					"size": 1
				},
				"37": {
					"pos": [
						-2.889779559118237,
						-2.3118236472945894,
						1.1559118236472945
					],
					"size": 1
				},
				"38": {
					"pos": [
						-2.889779559118237,
						-2.3118236472945894,
						2.3118236472945894
					],
					"size": 1
				},
				"39": {
					"pos": [
						-2.889779559118237,
						-0.7706078824315299,
						-2.3118236472945894
					],
					"size": 1
				}
			},
			"color": "hsl(0,100%,80%)"
		},
		"sensors": {
			"neurons": {
				"0": {
					"pos": [
						-2.889779559118237,
						-0.7706078824315299,
						-1.1559118236472947
					],
					"size": 1
				},
				"1": {
					"pos": [
						-2.889779559118237,
						-0.7706078824315299,
						0
					],
					"size": 1
				},
				"2": {
					"pos": [
						-2.889779559118237,
						-0.7706078824315299,
						1.1559118236472945
					],
					"size": 1
				},
				"3": {
					"pos": [
						-2.889779559118237,
						-0.7706078824315299,
						2.3118236472945894
					],
					"size": 1
				},
				"4": {
					"pos": [
						-2.889779559118237,
						0.7706078824315297,
						-2.3118236472945894
					],
					"size": 1
				},
				"5": {
					"pos": [
						-2.889779559118237,
						0.7706078824315297,
						-1.1559118236472947
					],
					"size": 1
				},
				"6": {
					"pos": [
						-2.889779559118237,
						0.7706078824315297,
						0
					],
					"size": 1
				},
				"7": {
					"pos": [
						-2.889779559118237,
						0.7706078824315297,
						1.1559118236472945
					],
					"size": 1
				},
				"8": {
					"pos": [
						-2.889779559118237,
						0.7706078824315297,
						2.3118236472945894
					],
					"size": 1
				},
				"9": {
					"pos": [
						-2.889779559118237,
						2.3118236472945894,
						-2.3118236472945894
					],
					"size": 1
				},
				"10": {
					"pos": [
						-2.889779559118237,
						2.3118236472945894,
						2.3118236472945894
					],
					"size": 1
				},
				"11": {
					"pos": [
						-2.3118236472945894,
						-2.889779559118237,
						-2.3118236472945894
					],
					"size": 1
				},
				"12": {
					"pos": [
						-1.1559118236472947,
						-2.889779559118237,
						-2.3118236472945894
					],
					"size": 1
				},
				"13": {
					"pos": [
						0,
						-2.889779559118237,
						-2.3118236472945894
					],
					"size": 1
				},
				"14": {
					"pos": [
						1.1559118236472945,
						-2.889779559118237,
						-2.3118236472945894
					],
					"size": 1
				},
				"15": {
					"pos": [
						2.3118236472945894,
						-2.889779559118237,
						-2.3118236472945894
					],
					"size": 1
				},
				"16": {
					"pos": [
						-2.3118236472945894,
						-2.889779559118237,
						-0.7706078824315299
					],
					"size": 1
				},
				"17": {
					"pos": [
						-1.1559118236472947,
						-2.889779559118237,
						-0.7706078824315299
					],
					"size": 1
				},
				"18": {
					"pos": [
						0,
						-2.889779559118237,
						-0.7706078824315299
					],
					"size": 1
				},
				"19": {
					"pos": [
						1.1559118236472945,
						-2.889779559118237,
						-0.7706078824315299
					],
					"size": 1
				},